Name,Symbol,Forward,Reverse,Length,GC%,GO Terms,Functions,All Reference to involvement in environmental stress,Stress response cold,Stress response heat
acetyl-CoA acetyltransferase 2,ACAT2,TAAGCCTGCCCTGTTGTTTAT,ACGTGGCAGGCAAGAAG,3509,46.15,"lipid metabolic process, fatty acid beta-oxidation,",,"Wollenberg Valero et al., 2022; Long et al., 2012","Long et al., 2012",
electron transfer flavoprotein subunit alpha,ETFA,,,3934,53.98,"respiratory electron transport chain, fatty acid beta-oxidation using acyl-CoA dehydrogenase, lipid homeostasis",Enzyme secretion; Energy production,"Wollenberg Valero et al., 2022; Yudin et al., 2017; Li et al,. 2011; Olsvik et al., 2013",,"Li et al., 2011, Olsvik et al., 2013"
,ETFA.1,AGATGCTGAGACACAAGGTAAC,TGGTGATTGCACACGTTCT,2017,45.41,,,,,
,ETFA.2,GAAGCACTTTGTATTTATCCCTTCC,CAGGTTCCGGCACTCAC,1917,64.69,,,,,
heat shock protein 90 beta family member 1,HSP90B1,,,3386,49.08,"response to hypoxia, toll-like receptor signaling pathway, protein folding, receptor-mediated endocytosis, response to stress, protein transport, ER-associated ubiquitin-dependent protein catabolic process, retrograde protein transport, ER to cytosol, actin rod assembly, protein folding in endoplasmic reticulum, response to endoplasmic reticulum stress, ATF6-mediated unfolded protein response, negative regulation of apoptotic process, regulation of phosphoprotein phosphatase activity, sequestering of calcium ion, cellular response to ATP",Apoptosis; Protein regulation; Stress response; Energy production,"Wollenberg Valero et al., 2022; Long et al., 2012; Olsvik et al., 2013; Huang et al., 2018; Schwarz et al., no date",,"Long et al., 2012; Olsvik et al., 2013; Huang et al., 2018; Schwarz et al., 2012"
,HSP90B1.1,CTGCAGTTGATAAACACACACTT,GTCTGTTAGTTTGCAGACTGTTTAC,886,37.5,,,,,
,HSP90B1.2,TTAGGTTCAGGCTTCACTATTT,TACTCTGGACACCTGCTT,2500,45.3,,,,,
heat shock protein family A (Hsp70) member 5,HSPA5,,,3321,51.93,"ER overload response, activation of signaling protein activity involved in unfolded protein response, cerebellum structural organization, cerebellar Purkinje cell layer development, substantia nigra development, positive regulation of cell migration, ER-associated ubiquitin-dependent protein catabolic process, negative regulation of transforming growth factor beta receptor signaling pathway, endoplasmic reticulum unfolded protein response, positive regulation of protein ubiquitination, protein folding in endoplasmic reticulum, maintenance of protein localization in endoplasmic reticulum, IRE1-mediated unfolded protein response, PERK-mediated unfolded protein response, ATF6-mediated unfolded protein response, cellular response to glucose starvation, negative regulation of apoptotic process, proteolysis involved in cellular protein catabolic process, regulation of protein folding in endoplasmic reticulum, cellular response to antibiotic, cellular response to manganese ion, cellular response to interleukin-4, negative regulation of protein homodimerization activity, cell-cell adhesion, toxin transport, regulation of ATF6-mediated unfolded protein response, regulation of IRE1-mediated unfolded protein response, regulation of PERK-mediated unfolded protein response, positive regulation of transcription from RNA polymerase II promoter in response to endoplasmic reticulum stress,",Apoptosis; Protein regulation; Morphogenesis; Energy production; Immune response,"Wollenberg Valero et al., 2022; Long et al., 2012; Huang et al., 2018; Barshis et al., 2012","Long et al., 2012","Long et al., 2012; Huang et al., 2018; Barshis et al., 2012"
,HSPA5.1,AGAGCCTATGCAGACATTGTG,AGCTAGTATGTGAAAGCCGTAAA,1325,52.07,,,,,
,HSPA5.2,TTCCTTATGAGATGGCGAAGG,CGTCTTCATCAGCAGCAAATAC,1996,47.11,,,,,
mitogen-activated protein kinase kinase 5,MAP2K5,TGAGTACAGGTGCCAGAAGA,CCAGGACGTCCCTGAAGA,1584,57.48,"negative regulation of transcription from RNA polymerase II promoter, activation of MAPK activity, signal transduction, heart development, peptidyl-tyrosine phosphorylation, positive regulation of cell growth, negative regulation of NF-kappaB transcription factor activity, negative regulation of heterotypic cell-cell adhesion, negative regulation of cysteine-type endopeptidase activity involved in apoptotic process, negative regulation of interleukin-8 biosynthetic process, positive regulation of transcription from RNA polymerase II promoter, positive regulation of epithelial cell proliferation, positive regulation of protein metabolic process, negative regulation of response to cytokine stimulus, ERK5 cascade, cellular response to growth factor stimulus, cellular response to laminar fluid shear stress, negative regulation of cell migration involved in sprouting angiogenesis, negative regulation of chemokine (C-X-C motif) ligand 2 production, negative regulation of extrinsic apoptotic signaling pathway in absence of ligand,",Stress response; Morphogenesis; Hormone; Protein regulation,"Wollenberg Valero et al., 2022; Van Goor et al., 2016",,"Van Goor et al., 2016"
MAPK associated protein 1,MAPKAP1,TGTGCAGTAGATAACCCTGAGA,TGTCAACCGACTGGGAGTAT,1764,51.99,"substantia nigra development, establishment or maintenance of actin cytoskeleton polarity, stress-activated protein kinase signaling cascade, T cell costimulation, TORC2 signaling, negative regulation of Ras protein signal transduction, phosphatidylinositol-mediated signaling,","Morphogenesis, Stress response, Immune response, Metabolic, Protein regulation","Wollenberg Valero et al., 2022; Long et al., 2012","Long et al., 2012",
ornithine decarboxylase 1,ODC1,CAGATTCGTCCCGTTGAGATT,CAACCTATCTGCCATACTCACC,3706,42.68,"kidney development, regulation of cellular amino acid metabolic process, polyamine metabolic process, polyamine biosynthetic process, positive regulation of cell proliferation, response to virus, putrescine biosynthetic process from ornithine, regulation of protein catabolic process,",Polyamines; Immune response; Morphogenesis; Protein regulation,"Wollenberg Valero et al., 2022; Long et al., 2012","Long et al., 2012","Long et al., 2012"
prohibitin 1,PHB1,CCATGACAGGGCCATAGTTTA,ACAGCTCAGTGTTATGGAAGAA,1567,54.8,"negative regulation of transcription from RNA polymerase II promoter, osteoblast differentiation, regulation of transcription, DNA-templated, mitochondrion organization, signal transduction, negative regulation of cell proliferation, positive regulation of gene expression, positive regulation of cell death, negative regulation of transcription by competitive promoter binding, histone deacetylation, negative regulation of cell growth, negative regulation of protein catabolic process, regulation of apoptotic process, positive regulation of G-protein coupled receptor protein signaling pathway, negative regulation of transcription, DNA-templated, positive regulation of transcription, DNA-templated, positive regulation of complement activation, protein stabilization, progesterone receptor signaling pathway, negative regulation of androgen receptor signaling pathway, negative regulation of ERK1 and ERK2 cascade, positive regulation of ERK1 and ERK2 cascade, cellular response to interleukin-6, DNA biosynthetic process, negative regulation of glucocorticoid receptor signaling pathway,",Transcription; Immune response; Metabolic; Morphogenesis; Protein regulation; Hormone; DNA synthesis; Stress response; Apoptosis,"Wollenberg Valero et al., 2022; Long et al., 2012","Long et al., 2012",
peptidylprolyl isomerase A,PPIA,GGGAATGTCTACACAGCCTAAC,CTTATCCTTAACGGCCCTTCG,1528,56.05,"protein peptidyl-prolyl isomerization, RNA-dependent DNA biosynthetic process, protein folding, viral life cycle, uncoating of virus, fusion of virus membrane with host plasma membrane, virion assembly, viral release from host cell, entry into host cell, lipid particle organization, regulation of viral genome replication, positive regulation of viral genome replication, positive regulation of protein secretion, leukocyte migration, establishment of integrated proviral latency,",,"Wollenberg Valero et al., 2022; Long et al., 2012",,"Long et al., 2012"
peroxiredoxin 6,PRDX6,CAAACTCCTTGTTCCCTTTAAACT,CTTGCGAGTCCTACACTTCTC,3472,40.71,"response to reactive oxygen species, lipid catabolic process, hydrogen peroxide catabolic process, cell redox homeostasis, oxidation-reduction process, cell-cell adhesion, cellular oxidant detoxification,",Stress response; Cellular process; Transcription,"Wollenberg Valero et al., 2022; Zhang et al., 2018; Kassahn et al., 2007","Zang et al., 2018","Kassahn et al., 2007"
translocation protein 1,SEC62,GCACACCAAAGCAGAGGATAA,GCGAACACACACACACTTCTA,1625,41.43,"cotranslational protein targeting to membrane, posttranslational protein targeting to membrane, IRE1-mediated unfolded protein response,",,"Wollenberg Valero et al., 2022; Long et al., 2012","Long et al., 2012",
solute carrier family 25 member 33,SLC25A33,GTCAGTCAGAGATGAATGGATGG,AGGATGAATGAAATAAGGGAGAAGG,1904,47.91,"mitochondrial genome maintenance, regulation of oxidative phosphorylation, mitochondrial DNA replication, transcription from mitochondrial promoter, translation, pyrimidine nucleotide transport, mitochondrion organization, positive regulation of cell proliferation, positive regulation of cell growth, mitochondria-nucleus signaling pathway, cellular response to insulin stimulus, mitochondrial respiratory chain complex III assembly, regulation of mitochondrial membrane potential, regulation of cell cycle arrest, regulation of reactive oxygen species biosynthetic process, cellular response to insulin-like growth factor stimulus, mitochondrial pyrimidine nucleotide import,",Morphogenesis; Transcription; Hormone; Stress response; Energy production; DNA synthesis; Mitochondria,"Wollenberg Valero et al., 2022; Schwarz et al., 2012 (unpubl)",,"Schwarz et al., 2012 (unpubl)"
superoxide dismutase 3,SOD3,ACGACAACTCTCCCAATAACAC,CAGCGTTCCCGTTCTCTAAA,3139,45.99,"response to reactive oxygen species, response to hypoxia, removal of superoxide radicals, response to copper ion, oxidation-reduction process,",Stress response; Metabolic,"Wollenberg Valero et al., 2022; Zhang et al., 2018","Zang et al., 2018",
TIA1 cytotoxic granule associated RNA binding protein,TIA1,GTGCAGGTGGCTTAGAAGAA,CGCCCTCACAAAGGTAGAAA,2430,54.33,"apoptotic process, fibroblast growth factor receptor signaling pathway, negative regulation of translation, negative regulation of cytokine biosynthetic process, regulation of mRNA splicing, via spliceosome, protein localization to cytoplasmic stress granule, positive regulation of epithelial cell apoptotic process,",Protein regulation; Immune response,"Wollenberg Valero et al., 2022; Long et al., 2012","Long et al., 2012",
UDP-glucose pyrophosphorylase 2,UGP2,CGCCCTGAGGAAATAGGTAAAT,AATGAAAGAGGCGGATCCTAAA,2680,62.21,"glycogen metabolic process, glycogen biosynthetic process, UDP-glucose metabolic process, UDP-glucuronate biosynthetic process, metabolic process, glucose 1-phosphate metabolic process,",Energy production; Morphogenesis; Metabolic,"Wollenberg Valero et al., 2022; Guo et al., 2016",,"Guo et al., 2016"
aquaporin 1,AQP1,GACTCTCACCTCATCCAACAC,ACATGACGGCTCTCAAGATG,2614,51.3,defense response to Gram-negative bacterium; cellular response to UV; negative regulation of apoptotic process; secretory granule organization; potassium ion transport; cellular response to cAMP; positive regulation of angiogenesis; cellular response to hydrogen peroxide; odontogenesis; positive regulation of fibroblast proliferation; cellular homeostasis; wound healing; cellular response to retinoic acid; cGMP-mediated signaling; water transport; secretion by cell; cell migration; fibroblast migration; metanephric glomerulus vasculature development; camera-type eye morphogenesis; carbon dioxide transport; cellular response to hypoxia; cellular response to salt stress; cellular response to nitric oxide; sensory perception of pain; cellular response to mechanical stimulus; lipid digestion; positive regulation of fibroblast migration; cellular response to inorganic substance; glomerular filtration; establishment or maintenance of actin cytoskeleton polarity; lateral ventricle development; corticotropin secretion; renal water absorption; metanephric descending thin limb development; metanephric proximal straight tubule development; metanephric proximal convoluted tubule segment 2 development; transepithelial water transport; multicellular organismal water homeostasis; cellular response to copper ion; cellular response to dexamethasone stimulus; glycerol transmembrane transport; cell volume homeostasis; cellular response to mercury ion; pancreatic juice secretion; cellular water homeostasis; transmembrane transport; establishment of localization in cell; ammonium transmembrane transport; renal water transport; positive regulation of saliva secretion; nitric oxide transport; cerebrospinal fluid secretion; carbon dioxide transmembrane transport; cellular hyperosmotic response,Immune response; Stress response; Apoptosis; Protein regulation; Membrane transport; Morphogenesis; Homeostasis; Response to wounding; Energy production; Digestion; Hormone; Enzyme secretion,,,
aquaporin 3,AQP3,ATGTGCTCTGGCTTCCATC,CCATGATCTCTGCCTTGTCTT,2086,51.43,odontogenesis; urea transport; response to retinoic acid; cellular response to hypoxia; response to ischemia; renal water absorption; positive regulation of immune system process; water transport; glycerol transmembrane transport; transmembrane transport; establishment of localization in cell,Morphogenesis; Membrane transport; Immune response; Stress response; Homeostasis,,,
aquaporin 4,AQP4,,,6803,56.5,cellular response to type II interferon; multicellular organismal water homeostasis; water transport; transmembrane transport,Immune response; Membrane transport,,,
,AQP4.1,GGGCAAATCCAGAGAGAGAAA,ATCCAATGAACTCCACAGATACA,3950,51.6,,,,,
,AQP4.2,GACAAACAGTAATGCCAATGAGTAA,AAACTGGTAACTCCCAAGTCC,2853,44.42,,,,,
aquaporin 8,AQP8,TCCCTTCAGATCAGCGTTTC,GGAACTGAGAGAACCCAAGAG,2725,53.55,cellular response to cAMP; B cell differentiation; cellular detoxification; water transport; transmembrane transport; regulation of cholesterol biosynthetic process; ammonium transmembrane transport; urea transport; methylammonium transport; hydrogen peroxide transmembrane transport; ammonium import across plasma membrane,Immune response; Stress response; Membrane transport; Enzyme secretion; Homeostasis,,,
aquaporin 9,AQP9,GGATCCAGATATGGAGACAACTG,CTGCTCACACTTACGACAAGA,3256,47.27,cellular response to cAMP; water transport; glycerol transmembrane transport; urea transmembrane transport; transmembrane transport,Immune response; Membrane transport,,,
aquaporin 11,AQP11,GAGATCCGTGTCAGAGCTAATG,GGAGCAATAACGAGAAGAGGAG,3647,50.94,"Proximal tubule development; hydrogen peroxide transmembrane transport, negative regulation of ERAD pathway, positive regulation of cell population proliferation, intracellular water homeostasis, intracellular oxygen homeostasis, water transport, negative regulation of epithelial cell proliferation, protein targeting to membrane, protein homooligomerization, protein glycosylation",Protein regulation; Morphogenesis; Membrane transport,,,
recombination activating 1,RAG1,GGCTCATTTAAGACTGACCCTAA,CTAATGAGTCTTCCTGCGTCAT,2761,44.5,Negative regulation of thymocyte apoptotic process; Negative regulation of T cell apoptotic process; Protein autoubiquitination; Thymus development; Positive regulation of T cell differentiation; T cell homeostasis; Regulation of T cell differentiation; V(D)J recombination; B cell differentiation; T cell differentiation in thymus; Pre-B cell allelic exclusion; Adaptive immune response ,,,,
Mitochondrially Encoded Cytochrome B and mtDNA control region,MT-CYB-CR,CACTCCTAGGACTTTGCCTAAT,CTTGCGCGAAGTCCATTG,2074,39,,,,,